"ROK","ICP","TYP","FUEL_NAME"
2022,119805582,"TECHN","zemní plyn"
2022,119809642,"TECHN","propan, butan a jejich směsi"
2022,119812352,"TECHN","zemní plyn"
2022,210144602,"TECHN","zemní plyn"
2022,210200312,"TECHN","zemní plyn"
2022,210200452,"TECHN","zemní plyn"
2022,210200822,"TECHN","propan, butan a jejich směsi"
2022,210202272,"TECHN","bioplyn"
2022,210202732,"TECHN","zemní plyn"
2022,210304272,"TECHN","zemní plyn"
2022,210400532,"TECHN","propan, butan a jejich směsi"
2022,210470052,"TECHN","zemní plyn"
2022,210502892,"TECHN","zemní plyn"
2022,210557562,"TECHN","dřevní biomasa"
2022,210570712,"TECHN","bioplyn"
2022,210570712,"TECHN","skládkový plyn"
2022,210700022,"TECHN","zemní plyn"
2022,210700692,"TECHN","dřevní biomasa"
2022,210842522,"TECHN","zemní plyn"
2022,210842522,"TECHN","bioplyn"
2022,210842622,"TECHN","zemní plyn"
2022,210901492,"TECHN","zemní plyn"
2022,210901712,"TECHN","zemní plyn"
2022,210901782,"TECHN","zemní plyn"
2022,210970172,"TECHN","zemní plyn"
2022,210970242,"TECHN","zemní plyn"
2022,211000882,"TECHN","zemní plyn"
2022,211001242,"TECHN","zemní plyn"
2022,211001792,"TECHN","zemní plyn"
2022,211070072,"TECHN","zemní plyn"
2022,211070322,"TECHN","zemní plyn"
2022,211070352,"TECHN","zemní plyn"
2022,211070612,"TECHN","dřevní biomasa"
2022,211200802,"TECHN","zemní plyn"
2022,211201362,"TECHN","zemní plyn"
2022,211270192,"TECHN","propan, butan a jejich směsi"
2022,211300892,"TECHN","zemní plyn"
2022,211400012,"TECHN","plynové oleje pro topení (obsah síry max. do 0,1 % vč.)"
2022,211402082,"TECHN","zemní plyn"
2022,211402562,"TECHN","propan, butan a jejich směsi"
2022,211500162,"TECHN","propan, butan a jejich směsi"
2022,211500282,"TECHN","zemní plyn"
2022,211512332,"TECHN","propan, butan a jejich směsi"
2022,211570182,"TECHN","bioplyn"
2022,211570232,"TECHN","plynové oleje pro topení (obsah síry max. do 0,1 % vč.)"
2022,211670122,"TECHN","zemní plyn"
2022,211801862,"TECHN","zemní plyn"
2022,211801892,"TECHN","zemní plyn"
2022,212007272,"TECHN","bioplyn"
2022,212007682,"TECHN","zemní plyn"
2022,212100052,"TECHN","zemní plyn"
2022,212100412,"TECHN","dřevní biomasa"
2022,212101622,"TECHN","topné oleje nízkosirné (obsah síry více než 0,1% a max. do 1 % vč.)"
2022,212200522,"TECHN","zemní plyn"
2022,212201702,"TECHN","zemní plyn"
2022,212201722,"TECHN","zemní plyn"
2022,212203392,"TECHN","zemní plyn"
2022,212270072,"TECHN","zemní plyn"
2022,212270482,"TECHN","topné oleje nízkosirné (obsah síry více než 0,1% a max. do 1 % vč.)"
2022,212398142,"TECHN","zemní plyn"
2022,212398372,"TECHN","bioplyn"
2022,212400282,"TECHN","plynové oleje pro topení (obsah síry max. do 0,1 % vč.)"
2022,212400282,"TECHN","zemní plyn"
2022,212470012,"TECHN","zemní plyn"
2022,212470022,"TECHN","zemní plyn"
2022,212470132,"TECHN","zemní plyn"
2022,212470312,"TECHN","bioplyn"
2022,212500162,"TECHN","zemní plyn"
2022,212603492,"TECHN","zemní plyn"
2022,212604522,"TECHN","zemní plyn"
2022,212670102,"TECHN","zemní plyn"
2022,310046822,"TECHN","zemní plyn"
2022,310051792,"TECHN","zemní plyn"
2022,310053912,"TECHN","zemní plyn"
2022,310093702,"TECHN","zemní plyn"
2022,310094422,"TECHN","zemní plyn"
2022,310097342,"TECHN","zemní plyn"
2022,310097422,"TECHN","zemní plyn"
2022,310099322,"TECHN","jiné kapalné palivo"
2022,310101812,"TECHN","zemní plyn"
2022,310104742,"TECHN","zemní plyn"
2022,310200332,"TECHN","zemní plyn"
2022,310200472,"TECHN","zemní plyn"
2022,310200962,"TECHN","zemní plyn"
2022,310202802,"TECHN","zemní plyn"
2022,310202922,"TECHN","zemní plyn"
2022,310270502,"TECHN","bioplyn"
2022,310270592,"TECHN","propan, butan a jejich směsi"
2022,310270602,"TECHN","zemní plyn"
2022,310301872,"TECHN","zemní plyn"
2022,310400542,"TECHN","plynové oleje pro topení (obsah síry max. do 0,1 % vč.)"
2022,310470122,"TECHN","dřevní biomasa"
2022,310500232,"TECHN","zemní plyn"
2022,310501502,"TECHN","zemní plyn"
2022,310501632,"TECHN","zemní plyn"
2022,310501732,"TECHN","bioplyn"
2022,310570302,"TECHN","bioplyn"
2022,310800032,"TECHN","zemní plyn"
2022,310800072,"TECHN","zemní plyn"
2022,310870102,"TECHN","zemní plyn"
2022,310970122,"TECHN","bioplyn"
2022,311033412,"TECHN","zemní plyn"
2022,311033412,"TECHN","topné oleje nízkosirné (obsah síry více než 0,1% a max. do 1 % vč.)"
2022,311033412,"TECHN","dřevní biomasa"
2022,311070242,"TECHN","bioplyn"
2022,311100452,"TECHN","zemní plyn"
2022,311170212,"TECHN","nafta"
2022,311200662,"TECHN","zemní plyn"
2022,311200702,"TECHN","zemní plyn"
2022,311220752,"TECHN","zemní plyn"
2022,311220792,"TECHN","zemní plyn"
2022,311250762,"TECHN","propan, butan a jejich směsi"
2022,311270212,"TECHN","propan, butan a jejich směsi"
2022,311270252,"TECHN","zemní plyn"
2022,311270662,"TECHN","bioplyn"
2022,311270712,"TECHN","zemní plyn"
2022,311270752,"TECHN","zemní plyn"
2022,311311162,"TECHN","zemní plyn"
2022,311370072,"TECHN","propan, butan a jejich směsi"
2022,311404132,"TECHN","zemní plyn"
2022,311407092,"TECHN","zemní plyn"
2022,311440872,"TECHN","zemní plyn"
2022,311440882,"TECHN","zemní plyn"
2022,319900592,"TECHN","zemní plyn"
2022,319900842,"TECHN","zemní plyn"
2022,320100102,"TECHN","zemní plyn"
2022,320100302,"TECHN","zemní plyn"
2022,320100302,"TECHN","neurčeno"
2022,320170042,"TECHN","bioplyn"
2022,320200772,"TECHN","zemní plyn"
2022,320200962,"TECHN","zemní plyn"
2022,320202832,"TECHN","zemní plyn"
2022,320203552,"TECHN","zemní plyn"
2022,320402252,"TECHN","zemní plyn"
2022,320402452,"TECHN","zemní plyn"
2022,320500442,"TECHN","zemní plyn"
2022,320501342,"TECHN","dřevní biomasa"
2022,320601412,"TECHN","zemní plyn"
2022,320602172,"TECHN","zemní plyn"
2022,320802412,"TECHN","zemní plyn"
2022,320804252,"TECHN","zemní plyn"
2022,320806082,"TECHN","zemní plyn"
2022,320807982,"TECHN","zemní plyn"
2022,320808552,"TECHN","zemní plyn"
2022,320870012,"TECHN","zemní plyn"
2022,320870402,"TECHN","zemní plyn"
2022,320870502,"TECHN","bylinná biomasa (sláma, apod.)"
2022,320901922,"TECHN","zemní plyn"
2022,320904572,"TECHN","zemní plyn"
2022,320904912,"TECHN","zemní plyn"
2022,320905542,"TECHN","zemní plyn"
2022,320905802,"TECHN","zemní plyn"
2022,320971202,"TECHN","zemní plyn"
2022,320971292,"TECHN","nafta"
2022,321007842,"TECHN","zemní plyn"
2022,321007962,"TECHN","zemní plyn"
2022,321008032,"TECHN","dřevní biomasa"
2022,321170162,"TECHN","zemní plyn"
2022,321250052,"TECHN","zemní plyn"
2022,321400112,"TECHN","dřevní biomasa"
2022,321449082,"TECHN","dřevní biomasa"
2022,321470482,"TECHN","zemní plyn"
2022,321504502,"TECHN","zemní plyn"
2022,410101082,"TECHN","zemní plyn"
2022,410200422,"TECHN","zemní plyn"
2022,410200432,"TECHN","zemní plyn"
2022,410200442,"TECHN","zemní plyn"
2022,410201582,"TECHN","zemní plyn"
2022,410300482,"TECHN","zemní plyn"
2022,410301442,"TECHN","zemní plyn"
2022,410301452,"TECHN","zemní plyn"
2022,410301592,"TECHN","zemní plyn"
2022,410302102,"TECHN","propan, butan a jejich směsi"
2022,410302282,"TECHN","zemní plyn"
2022,410304152,"TECHN","zemní plyn"
2022,410400392,"TECHN","zemní plyn"
2022,410512552,"TECHN","zemní plyn"
2022,410701762,"TECHN","zemní plyn"
2022,410701842,"TECHN","zemní plyn"
2022,410701922,"TECHN","zemní plyn"
2022,410702202,"TECHN","zemní plyn"
2022,410702252,"TECHN","zemní plyn"
2022,410702412,"TECHN","zemní plyn"
2022,420104222,"TECHN","zemní plyn"
2022,420200522,"TECHN","zemní plyn"
2022,420270132,"TECHN","zemní plyn"
2022,420301732,"TECHN","zemní plyn"
2022,420301752,"TECHN","zemní plyn"
2022,420305072,"TECHN","propan, butan a jejich směsi"
2022,420370052,"TECHN","zemní plyn"
2022,420400172,"TECHN","zemní plyn"
2022,420400742,"TECHN","zemní plyn"
2022,420401602,"TECHN","zemní plyn"
2022,420470072,"TECHN","zemní plyn"
2022,420500392,"TECHN","zemní plyn"
2022,420510562,"TECHN","zemní plyn"
2022,420601522,"TECHN","zemní plyn"
2022,420770022,"TECHN","zemní plyn"
2022,420900242,"TECHN","zemní plyn"
2022,420900372,"TECHN","zemní plyn"
2022,420901442,"TECHN","propan, butan a jejich směsi"
2022,420902052,"TECHN","zemní plyn"
2022,421000292,"TECHN","zemní plyn"
2022,421070022,"TECHN","zemní plyn"
2022,421300642,"TECHN","zemní plyn"
2022,421300692,"TECHN","zemní plyn"
2022,421301072,"TECHN","zemní plyn"
2022,421302122,"TECHN","zemní plyn"
2022,421302862,"TECHN","zemní plyn"
2022,421302892,"TECHN","zemní plyn"
2022,421370032,"TECHN","zemní plyn"
2022,421370432,"TECHN","zemní plyn"
2022,421370802,"TECHN","zemní plyn"
2022,421400522,"TECHN","zemní plyn"
2022,421670232,"TECHN","zemní plyn"
2022,421670282,"TECHN","zemní plyn"
2022,510100042,"TECHN","zemní plyn"
2022,510100352,"TECHN","zemní plyn"
2022,510100622,"TECHN","zemní plyn"
2022,510100832,"TECHN","zemní plyn"
2022,510101342,"TECHN","zemní plyn"
2022,510200892,"TECHN","zemní plyn"
2022,510500532,"TECHN","zemní plyn"
2022,510500682,"TECHN","zemní plyn"
2022,510500772,"TECHN","zemní plyn"
2022,510500822,"TECHN","propan, butan a jejich směsi"
2022,510501952,"TECHN","zemní plyn"
2022,510503152,"TECHN","zemní plyn"
2022,510570302,"TECHN","zemní plyn"
2022,510600222,"TECHN","zemní plyn"
2022,510600582,"TECHN","zemní plyn"
2022,510670032,"TECHN","zemní plyn"
2022,510670322,"TECHN","propan, butan a jejich směsi"
2022,510800962,"TECHN","zemní plyn"
2022,510900192,"TECHN","zemní plyn"
2022,510900702,"TECHN","zemní plyn"
2022,510900912,"TECHN","dřevní biomasa"
2022,510901032,"TECHN","zemní plyn"
2022,510901592,"TECHN","zemní plyn"
2022,511000062,"TECHN","zemní plyn"
2022,511000102,"TECHN","vodík"
2022,511000102,"TECHN","propan, butan a jejich směsi"
2022,511000512,"TECHN","vodík"
2022,511000512,"TECHN","propan, butan a jejich směsi"
2022,511000512,"TECHN","zemní plyn"
2022,511000802,"TECHN","zemní plyn"
2022,520300432,"TECHN","jiné kapalné palivo"
2022,520300682,"TECHN","zemní plyn"
2022,520370032,"TECHN","zemní plyn"
2022,520370042,"TECHN","zemní plyn"
2022,520370212,"TECHN","zemní plyn"
2022,520370452,"TECHN","koks"
2022,520400992,"TECHN","zemní plyn"
2022,520470032,"TECHN","zemní plyn"
2022,520500582,"TECHN","zemní plyn"
2022,520500602,"TECHN","zemní plyn"
2022,520502502,"TECHN","neurčeno"
2022,520502712,"TECHN","zemní plyn"
2022,520503422,"TECHN","koks"
2022,520570242,"TECHN","zemní plyn"
2022,520570322,"TECHN","zemní plyn"
2022,520570412,"TECHN","zemní plyn"
2022,520570602,"TECHN","zemní plyn"
2022,520570622,"TECHN","plynové oleje pro topení (obsah síry max. do 0,1 % vč.)"
2022,520570842,"TECHN","bioplyn"
2022,520571032,"TECHN","zemní plyn"
2022,520600222,"TECHN","zemní plyn"
2022,520600232,"TECHN","zemní plyn"
2022,520700702,"TECHN","zemní plyn"
2022,520770142,"TECHN","zemní plyn"
2022,520770152,"TECHN","zemní plyn"
2022,520770172,"TECHN","zemní plyn"
2022,520900192,"TECHN","dřevní biomasa"
2022,520900702,"TECHN","propan, butan a jejich směsi"
2022,520900722,"TECHN","zemní plyn"
2022,520902812,"TECHN","zemní plyn"
2022,520903222,"TECHN","zemní plyn"
2022,521201032,"TECHN","zemní plyn"
2022,521300072,"TECHN","zemní plyn"
2022,521300112,"TECHN","rašelina"
2022,521370322,"TECHN","bylinná biomasa (sláma, apod.)"
2022,521403062,"TECHN","zemní plyn"
2022,521500162,"TECHN","zemní plyn"
2022,521500212,"TECHN","zemní plyn"
2022,521500302,"TECHN","zemní plyn"
2022,530100842,"TECHN","zemní plyn"
2022,530200102,"TECHN","zemní plyn"
2022,530270212,"TECHN","zemní plyn"
2022,530300802,"TECHN","zemní plyn"
2022,530400782,"TECHN","zemní plyn"
2022,530401442,"TECHN","zemní plyn"
2022,530401512,"TECHN","zemní plyn"
2022,530401562,"TECHN","propan, butan a jejich směsi"
2022,530402402,"TECHN","bioplyn"
2022,530402602,"TECHN","zemní plyn"
2022,530402732,"TECHN","zemní plyn"
2022,530486472,"TECHN","jiné pevné palivo"
2022,530486922,"TECHN","zemní plyn"
2022,530600492,"TECHN","zemní plyn"
2022,530770212,"TECHN","zemní plyn"
2022,530801742,"TECHN","kalový plyn"
2022,530900662,"TECHN","zemní plyn"
2022,530903302,"TECHN","zemní plyn"
2022,530905962,"TECHN","zemní plyn"
2022,530906002,"TECHN","zemní plyn"
2022,530906602,"TECHN","zemní plyn"
2022,530970082,"TECHN","zemní plyn"
2022,530970332,"TECHN","zemní plyn"
2022,530970362,"TECHN","zemní plyn"
2022,530970582,"TECHN","zemní plyn"
2022,530981822,"TECHN","zemní plyn"
2022,530981842,"TECHN","zemní plyn"
2022,531000332,"TECHN","bioplyn"
2022,531100562,"TECHN","zemní plyn"
2022,531100642,"TECHN","zemní plyn"
2022,531170252,"TECHN","zemní plyn"
2022,531201022,"TECHN","zemní plyn"
2022,531201202,"TECHN","zemní plyn"
2022,531201542,"TECHN","zemní plyn"
2022,531201592,"TECHN","zemní plyn"
2022,531270172,"TECHN","zemní plyn"
2022,531270382,"TECHN","zemní plyn"
2022,531400672,"TECHN","zemní plyn"
2022,531401182,"TECHN","zemní plyn"
2022,531470012,"TECHN","hnědé uhlí prachové"
2022,531470012,"TECHN","zemní plyn"
2022,531470082,"TECHN","zemní plyn"
2022,531500882,"TECHN","zemní plyn"
2022,600838011,"TECHN","propan, butan a jejich směsi"
2022,601100271,"TECHN","zemní plyn"
2022,601520093,"TECHN","zemní plyn"
2022,601520851,"TECHN","zemní plyn"
2022,601528861,"TECHN","zemní plyn"
2022,601540011,"TECHN","zemní plyn"
2022,602050013,"TECHN","bioplyn"
2022,602120041,"TECHN","zemní plyn"
2022,602120811,"TECHN","zemní plyn"
2022,602530013,"TECHN","propan, butan a jejich směsi"
2022,602860091,"TECHN","zemní plyn"
2022,604610033,"TECHN","propan, butan a jejich směsi"
2022,605010073,"TECHN","zemní plyn"
2022,605310013,"TECHN","zemní plyn"
2022,605430013,"TECHN","dřevní biomasa"
2022,605600023,"TECHN","zemní plyn"
2022,606370421,"TECHN","zemní plyn"
2022,606660013,"TECHN","zemní plyn"
2022,606660033,"TECHN","zemní plyn"
2022,606970381,"TECHN","zemní plyn"
2022,607040013,"TECHN","bioplyn"
2022,607308211,"TECHN","zemní plyn"
2022,607390043,"TECHN","zemní plyn"
2022,607398131,"TECHN","zemní plyn"
2022,607741261,"TECHN","zemní plyn"
2022,607741561,"TECHN","zemní plyn"
2022,608040781,"TECHN","zemní plyn"
2022,608328021,"TECHN","zemní plyn"
2022,609048021,"TECHN","zemní plyn"
2022,609220033,"TECHN","zemní plyn"
2022,609978181,"TECHN","zemní plyn"
2022,609978203,"TECHN","zemní plyn"
2022,610008311,"TECHN","zemní plyn"
2022,610008311,"TECHN","plynové oleje pro topení (obsah síry max. do 0,1 % vč.)"
2022,610100042,"TECHN","zemní plyn"
2022,610100242,"TECHN","zemní plyn"
2022,610100532,"TECHN","propan, butan a jejich směsi"
2022,610170072,"TECHN","zemní plyn"
2022,610201652,"TECHN","zemní plyn"
2022,610201802,"TECHN","zemní plyn"
2022,610201882,"TECHN","zemní plyn"
2022,610270372,"TECHN","zemní plyn"
2022,610300372,"TECHN","zemní plyn"
2022,610400552,"TECHN","zemní plyn"
2022,610400862,"TECHN","zemní plyn"
2022,610470132,"TECHN","zemní plyn"
2022,610500412,"TECHN","zemní plyn"
2022,610500482,"TECHN","zemní plyn"
2022,610501072,"TECHN","zemní plyn"
2022,610501232,"TECHN","topné oleje nízkosirné (obsah síry více než 0,1% a max. do 1 % vč.)"
2022,610501982,"TECHN","zemní plyn"
2022,610502092,"TECHN","dřevní biomasa"
2022,610571352,"TECHN","zemní plyn"
2022,610600012,"TECHN","zemní plyn"
2022,610708322,"TECHN","zemní plyn"
2022,610800412,"TECHN","plynové oleje pro topení (obsah síry max. do 0,1 % vč.)"
2022,610800432,"TECHN","plynové oleje pro topení (obsah síry max. do 0,1 % vč.)"
2022,610900322,"TECHN","zemní plyn"
2022,610900412,"TECHN","zemní plyn"
2022,611000352,"TECHN","zemní plyn"
2022,611001062,"TECHN","zemní plyn"
2022,611020031,"TECHN","zemní plyn"
2022,611070042,"TECHN","dřevní biomasa"
2022,611070382,"TECHN","propan, butan a jejich směsi"
2022,611151212,"TECHN","zemní plyn"
2022,611170172,"TECHN","zemní plyn"
2022,611208502,"TECHN","bioplyn"
2022,611260221,"TECHN","zemní plyn"
2022,611260781,"TECHN","zemní plyn"
2022,611270092,"TECHN","bioplyn"
2022,611300392,"TECHN","zemní plyn"
2022,611301292,"TECHN","zemní plyn"
2022,611305622,"TECHN","zemní plyn"
2022,611307102,"TECHN","zemní plyn"
2022,611307372,"TECHN","zemní plyn"
2022,611307602,"TECHN","bioplyn"
2022,611309552,"TECHN","zemní plyn"
2022,611400282,"TECHN","zemní plyn"
2022,611401022,"TECHN","dřevní biomasa"
2022,611401512,"TECHN","zemní plyn"
2022,611470162,"TECHN","propan, butan a jejich směsi"
2022,611480081,"TECHN","zemní plyn"
2022,611480851,"TECHN","zemní plyn"
2022,611500052,"TECHN","zemní plyn"
2022,611500232,"TECHN","zemní plyn"
2022,611500262,"TECHN","zemní plyn"
2022,611500482,"TECHN","zemní plyn"
2022,611500712,"TECHN","plynové oleje pro topení (obsah síry max. do 0,1 % vč.)"
2022,611500732,"TECHN","zemní plyn"
2022,611500832,"TECHN","zemní plyn"
2022,611500862,"TECHN","zemní plyn"
2022,611502472,"TECHN","zemní plyn"
2022,612110033,"TECHN","zemní plyn"
2022,612140541,"TECHN","zemní plyn"
2022,612170381,"TECHN","zemní plyn"
2022,612280163,"TECHN","zemní plyn"
2022,612400131,"TECHN","zemní plyn"
2022,612400871,"TECHN","zemní plyn"
2022,612400871,"TECHN","koks"
2022,612750033,"TECHN","koks"
2022,612760023,"TECHN","zemní plyn"
2022,612760281,"TECHN","zemní plyn"
2022,613160103,"TECHN","zemní plyn"
2022,613160271,"TECHN","topné oleje nízkosirné (obsah síry více než 0,1% a max. do 1 % vč.)"
2022,613580521,"TECHN","zemní plyn"
2022,613580571,"TECHN","zemní plyn"
2022,614070501,"TECHN","generátorový plyn, vč. produktů zplyňování rafinérských zbytků, apod."
2022,614070501,"TECHN","zemní plyn"
2022,614270021,"TECHN","dřevní biomasa"
2022,614990021,"TECHN","zemní plyn"
2022,616680023,"TECHN","odpad"
2022,616950251,"TECHN","zemní plyn"
2022,617270113,"TECHN","zemní plyn"
2022,617840043,"TECHN","bioplyn"
2022,617860033,"TECHN","zemní plyn"
2022,618628071,"TECHN","zemní plyn"
2022,618628071,"TECHN","koks"
2022,619450541,"TECHN","zemní plyn"
2022,620100982,"TECHN","zemní plyn"
2022,620102112,"TECHN","zemní plyn"
2022,620102202,"TECHN","zemní plyn"
2022,620170032,"TECHN","zemní plyn"
2022,620170182,"TECHN","zemní plyn"
2022,620170402,"TECHN","zemní plyn"
2022,620200482,"TECHN","zemní plyn"
2022,620201002,"TECHN","zemní plyn"
2022,620201032,"TECHN","zemní plyn"
2022,620201422,"TECHN","zemní plyn"
2022,620202202,"TECHN","zemní plyn"
2022,620202212,"TECHN","zemní plyn"
2022,620202322,"TECHN","neurčeno"
2022,620202322,"TECHN","zemní plyn"
2022,620202502,"TECHN","zemní plyn"
2022,620230072,"TECHN","zemní plyn"
2022,620271012,"TECHN","zemní plyn"
2022,620308542,"TECHN","zemní plyn"
2022,620308762,"TECHN","zemní plyn"
2022,620309462,"TECHN","zemní plyn"
2022,620309822,"TECHN","zemní plyn"
2022,620310052,"TECHN","zemní plyn"
2022,620313802,"TECHN","plynové oleje pro topení (obsah síry max. do 0,1 % vč.)"
2022,620313812,"TECHN","zemní plyn"
2022,620313842,"TECHN","zemní plyn"
2022,620314442,"TECHN","zemní plyn"
2022,620315282,"TECHN","zemní plyn"
2022,620315312,"TECHN","zemní plyn"
2022,620315682,"TECHN","zemní plyn"
2022,620370422,"TECHN","zemní plyn"
2022,620370722,"TECHN","nafta"
2022,620371302,"TECHN","zemní plyn"
2022,620400082,"TECHN","zemní plyn"
2022,620400092,"TECHN","propan, butan a jejich směsi"
2022,620400652,"TECHN","propan, butan a jejich směsi"
2022,620402112,"TECHN","nafta"
2022,620402662,"TECHN","zemní plyn"
2022,620402662,"TECHN","neurčeno"
2022,620470202,"TECHN","zemní plyn"
2022,620470392,"TECHN","zemní plyn"
2022,620500132,"TECHN","zemní plyn"
2022,620500852,"TECHN","zemní plyn"
2022,620590583,"TECHN","zemní plyn"
2022,620600722,"TECHN","zemní plyn"
2022,620600912,"TECHN","dřevní biomasa"
2022,620601652,"TECHN","zemní plyn"
2022,620601852,"TECHN","zemní plyn"
2022,620670022,"TECHN","zemní plyn"
2022,620670221,"TECHN","zemní plyn"
2022,620670282,"TECHN","zemní plyn"
2022,620670322,"TECHN","zemní plyn"
2022,620670332,"TECHN","zemní plyn"
2022,620670392,"TECHN","bioplyn"
2022,620700022,"TECHN","zemní plyn"
2022,620700102,"TECHN","zemní plyn"
2022,620701362,"TECHN","zemní plyn"
2022,620701472,"TECHN","zemní plyn"
2022,620701742,"TECHN","zemní plyn"
2022,620710111,"TECHN","zemní plyn"
2022,620760601,"TECHN","zemní plyn"
2022,620870042,"TECHN","zemní plyn"
2022,620900132,"TECHN","zemní plyn"
2022,621001172,"TECHN","zemní plyn"
2022,621070252,"TECHN","zemní plyn"
2022,621070262,"TECHN","zemní plyn"
2022,621070332,"TECHN","zemní plyn"
2022,621100321,"TECHN","hnědé uhlí prachové"
2022,621100321,"TECHN","zemní plyn"
2022,621200092,"TECHN","zemní plyn"
2022,621200512,"TECHN","zemní plyn"
2022,621200642,"TECHN","zemní plyn"
2022,621220011,"TECHN","zemní plyn"
2022,621220013,"TECHN","zemní plyn"
2022,621270112,"TECHN","zemní plyn"
2022,621300062,"TECHN","zemní plyn"
2022,621380013,"TECHN","zemní plyn"
2022,621380041,"TECHN","zemní plyn"
2022,621380053,"TECHN","zemní plyn"
2022,621400392,"TECHN","zemní plyn"
2022,621500492,"TECHN","zemní plyn"
2022,621520013,"TECHN","zemní plyn"
2022,621570012,"TECHN","zemní plyn"
2022,621600931,"TECHN","zemní plyn"
2022,621680071,"TECHN","zemní plyn"
2022,621688011,"TECHN","zemní plyn"
2022,621688011,"TECHN","dřevní biomasa"
2022,621700492,"TECHN","zemní plyn"
2022,621700872,"TECHN","propan, butan a jejich směsi"
2022,621750201,"TECHN","zemní plyn"
2022,621750203,"TECHN","zemní plyn"
2022,621801042,"TECHN","skládkový plyn"
2022,621870102,"TECHN","bioplyn"
2022,621870142,"TECHN","zemní plyn"
2022,621900262,"TECHN","zemní plyn"
2022,621900442,"TECHN","zemní plyn"
2022,621900832,"TECHN","zemní plyn"
2022,621901272,"TECHN","zemní plyn"
2022,621970092,"TECHN","zemní plyn"
2022,622012912,"TECHN","zemní plyn"
2022,622018252,"TECHN","zemní plyn"
2022,622031302,"TECHN","bioplyn"
2022,622050193,"TECHN","zemní plyn"
2022,622058011,"TECHN","zemní plyn"
2022,622070402,"TECHN","zemní plyn"
2022,622070452,"TECHN","zemní plyn"
2022,622070552,"TECHN","zemní plyn"
2022,622070562,"TECHN","zemní plyn"
2022,622070572,"TECHN","zemní plyn"
2022,622170282,"TECHN","zemní plyn"
2022,622220023,"TECHN","zemní plyn"
2022,622220103,"TECHN","zemní plyn"
2022,622221161,"TECHN","zemní plyn"
2022,622480101,"TECHN","zemní plyn"
2022,622650031,"TECHN","bioplyn"
2022,622650031,"TECHN","zemní plyn"
2022,622650031,"TECHN","koks"
2022,622658131,"TECHN","bioplyn"
2022,622658141,"TECHN","bioplyn"
2022,622840021,"TECHN","zemní plyn"
2022,623010561,"TECHN","zemní plyn"
2022,623080411,"TECHN","zemní plyn"
2022,623080571,"TECHN","zemní plyn"
2022,623080701,"TECHN","zemní plyn"
2022,623160053,"TECHN","dřevní biomasa"
2022,623160711,"TECHN","zemní plyn"
2022,623160961,"TECHN","zemní plyn"
2022,623450053,"TECHN","zemní plyn"
2022,623480033,"TECHN","zemní plyn"
2022,623660023,"TECHN","bioplyn"
2022,624050013,"TECHN","zemní plyn"
2022,624100031,"TECHN","odpad"
2022,624100031,"TECHN","zemní plyn"
2022,624100031,"TECHN","hnědé uhlí prachové"
2022,624400491,"TECHN","zemní plyn"
2022,624580311,"TECHN","zemní plyn"
2022,624630043,"TECHN","zemní plyn"
2022,624920731,"TECHN","zemní plyn"
2022,625140101,"TECHN","zemní plyn"
2022,625398131,"TECHN","zemní plyn"
2022,625398131,"TECHN","plynové oleje pro topení (obsah síry max. do 0,1 % vč.)"
2022,625580013,"TECHN","zemní plyn"
2022,625581061,"TECHN","zemní plyn"
2022,625590131,"TECHN","zemní plyn"
2022,625960033,"TECHN","zemní plyn"
2022,625960901,"TECHN","zemní plyn"
2022,625968153,"TECHN","zemní plyn"
2022,626988031,"TECHN","zemní plyn"
2022,627470061,"TECHN","zemní plyn"
2022,627470061,"TECHN","koks"
2022,627490063,"TECHN","zemní plyn"
2022,627660011,"TECHN","zemní plyn"
2022,627880201,"TECHN","zemní plyn"
2022,627960083,"TECHN","dřevní biomasa"
2022,627960251,"TECHN","zemní plyn"
2022,627960711,"TECHN","zemní plyn"
2022,628370211,"TECHN","propan, butan a jejich směsi"
2022,628370211,"TECHN","plynové oleje pro topení (obsah síry max. do 0,1 % vč.)"
2022,628821221,"TECHN","zemní plyn"
2022,629330013,"TECHN","propan, butan a jejich směsi"
2022,629550961,"TECHN","zemní plyn"
2022,629830013,"TECHN","zemní plyn"
2022,630080023,"TECHN","zemní plyn"
2022,630250013,"TECHN","propan, butan a jejich směsi"
2022,630850151,"TECHN","zemní plyn"
2022,630858081,"TECHN","zemní plyn"
2022,631948093,"TECHN","zemní plyn"
2022,632140411,"TECHN","zemní plyn"
2022,632521293,"TECHN","zemní plyn"
2022,633350301,"TECHN","plynové oleje pro topení (obsah síry max. do 0,1 % vč.)"
2022,633380013,"TECHN","nafta"
2022,633380641,"TECHN","zemní plyn"
2022,633400051,"TECHN","zemní plyn"
2022,633400381,"TECHN","zemní plyn"
2022,633460061,"TECHN","zemní plyn"
2022,633460231,"TECHN","zemní plyn"
2022,633710063,"TECHN","zemní plyn"
2022,633818311,"TECHN","zemní plyn"
2022,633960771,"TECHN","zemní plyn"
2022,634250013,"TECHN","zemní plyn"
2022,634340441,"TECHN","zemní plyn"
2022,634718091,"TECHN","zemní plyn"
2022,634950123,"TECHN","zemní plyn"
2022,634950163,"TECHN","nafta"
2022,635098123,"TECHN","zemní plyn"
2022,635480703,"TECHN","zemní plyn"
2022,635560633,"TECHN","zemní plyn"
2022,635980011,"TECHN","koks"
2022,635980011,"TECHN","zemní plyn"
2022,635980201,"TECHN","hnědé uhlí prachové"
2022,636110801,"TECHN","zemní plyn"
2022,636140013,"TECHN","zemní plyn"
2022,637220013,"TECHN","propan, butan a jejich směsi"
2022,637230381,"TECHN","zemní plyn"
2022,638020501,"TECHN","zemní plyn"
2022,638028031,"TECHN","zemní plyn"
2022,638298231,"TECHN","bioplyn"
2022,638710401,"TECHN","zemní plyn"
2022,638780113,"TECHN","zemní plyn"
2022,638780211,"TECHN","zemní plyn"
2022,639390273,"TECHN","topné oleje nízkosirné (obsah síry více než 0,1% a max. do 1 % vč.)"
2022,639520041,"TECHN","zemní plyn"
2022,639710033,"TECHN","zemní plyn"
2022,640151361,"TECHN","zemní plyn"
2022,640270421,"TECHN","dřevní biomasa"
2022,640390041,"TECHN","zemní plyn"
2022,640410033,"TECHN","zemní plyn"
2022,640410041,"TECHN","zemní plyn"
2022,640738291,"TECHN","bioplyn"
2022,640800561,"TECHN","zemní plyn"
2022,640820441,"TECHN","topné oleje nízkosirné (obsah síry více než 0,1% a max. do 1 % vč.)"
2022,641140781,"TECHN","zemní plyn"
2022,641220921,"TECHN","zemní plyn"
2022,641221081,"TECHN","zemní plyn"
2022,641580023,"TECHN","zemní plyn"
2022,641610381,"TECHN","hnědé uhlí prachové"
2022,641610381,"TECHN","plynové oleje pro topení (obsah síry max. do 0,1 % vč.)"
2022,641610381,"TECHN","zemní plyn"
2022,641858181,"TECHN","zemní plyn"
2022,642820261,"TECHN","zemní plyn"
2022,642860013,"TECHN","zemní plyn"
2022,643758081,"TECHN","zemní plyn"
2022,644050053,"TECHN","bioplyn"
2022,644870083,"TECHN","topné oleje nízkosirné (obsah síry více než 0,1% a max. do 1 % vč.)"
2022,644870083,"TECHN","hnědé uhlí prachové"
2022,645670013,"TECHN","zemní plyn"
2022,645770041,"TECHN","zemní plyn"
2022,645830043,"TECHN","zemní plyn"
2022,646540041,"TECHN","zemní plyn"
2022,646540041,"TECHN","černé uhlí prachové"
2022,646540041,"TECHN","hnědé uhlí prachové"
2022,646540041,"TECHN","jiné kapalné palivo"
2022,646810011,"TECHN","zemní plyn"
2022,646878061,"TECHN","zemní plyn"
2022,646878121,"TECHN","zemní plyn"
2022,646970951,"TECHN","zemní plyn"
2022,647200791,"TECHN","zemní plyn"
2022,647280033,"TECHN","zemní plyn"
2022,647300023,"TECHN","zemní plyn"
2022,647350033,"TECHN","zemní plyn"
2022,647391101,"TECHN","zemní plyn"
2022,647391201,"TECHN","zemní plyn"
2022,647640681,"TECHN","zemní plyn"
2022,647680111,"TECHN","odpad"
2022,647680111,"TECHN","zemní plyn"
2022,647680111,"TECHN","černé uhlí prachové"
2022,647680111,"TECHN","jiný druh biomasy"
2022,647680111,"TECHN","jiné pevné palivo"
2022,647680223,"TECHN","dřevní biomasa"
2022,647680313,"TECHN","zemní plyn"
2022,647680411,"TECHN","zemní plyn"
2022,647680831,"TECHN","zemní plyn"
2022,648700191,"TECHN","zemní plyn"
2022,648800011,"TECHN","koks"
2022,648801521,"TECHN","zemní plyn"
2022,649300181,"TECHN","zemní plyn"
2022,649300371,"TECHN","zemní plyn"
2022,649320691,"TECHN","zemní plyn"
2022,649520013,"TECHN","plynové oleje pro topení (obsah síry max. do 0,1 % vč.)"
2022,649860101,"TECHN","zemní plyn"
2022,649860501,"TECHN","zemní plyn"
2022,649860601,"TECHN","zemní plyn"
2022,649990013,"TECHN","zemní plyn"
2022,650490063,"TECHN","zemní plyn"
2022,650490181,"TECHN","zemní plyn"
2022,651020053,"TECHN","zemní plyn"
2022,651020241,"TECHN","zemní plyn"
2022,651020241,"TECHN","jiné pevné palivo"
2022,651110883,"TECHN","zemní plyn"
2022,651151081,"TECHN","zemní plyn"
2022,651180301,"TECHN","zemní plyn"
2022,651730051,"TECHN","zemní plyn"
2022,651970721,"TECHN","zemní plyn"
2022,652218061,"TECHN","zemní plyn"
2022,652450203,"TECHN","zemní plyn"
2022,652450213,"TECHN","zemní plyn"
2022,652450281,"TECHN","zemní plyn"
2022,652830013,"TECHN","dřevní biomasa"
2022,653230043,"TECHN","bioplyn"
2022,653550161,"TECHN","zemní plyn"
2022,653841191,"TECHN","zemní plyn"
2022,654010053,"TECHN","zemní plyn"
2022,654018063,"TECHN","zemní plyn"
2022,654130063,"TECHN","zemní plyn"
2022,654130371,"TECHN","zemní plyn"
2022,654130371,"TECHN","jiné pevné palivo"
2022,654130371,"TECHN","nafta"
2022,654290043,"TECHN","zemní plyn"
2022,654290371,"TECHN","zemní plyn"
2022,655010043,"TECHN","zemní plyn"
2022,655010043,"TECHN","jiné pevné palivo"
2022,655971191,"TECHN","zemní plyn"
2022,655978123,"TECHN","zemní plyn"
2022,656131071,"TECHN","zemní plyn"
2022,656300043,"TECHN","zemní plyn"
2022,656300043,"TECHN","jiný druh biomasy"
2022,656510063,"TECHN","zemní plyn"
2022,657000291,"TECHN","zemní plyn"
2022,657130131,"TECHN","zemní plyn"
2022,657330051,"TECHN","zemní plyn"
2022,658240013,"TECHN","topné oleje nízkosirné (obsah síry více než 0,1% a max. do 1 % vč.)"
2022,658260043,"TECHN","jiné pevné palivo"
2022,658690163,"TECHN","propan, butan a jejich směsi"
2022,659330013,"TECHN","dřevní biomasa"
2022,659400023,"TECHN","zemní plyn"
2022,659540143,"TECHN","zemní plyn"
2022,659540261,"TECHN","zemní plyn"
2022,659670051,"TECHN","zemní plyn"
2022,659670051,"TECHN","dřevní biomasa"
2022,659670123,"TECHN","zemní plyn"
2022,659670631,"TECHN","dřevní biomasa"
2022,659670631,"TECHN","zemní plyn"
2022,659678201,"TECHN","plynové oleje pro topení (obsah síry max. do 0,1 % vč.)"
2022,659678201,"TECHN","zemní plyn"
2022,659840023,"TECHN","bioplyn"
2022,659910491,"TECHN","zemní plyn"
2022,659916011,"TECHN","zemní plyn"
2022,660060251,"TECHN","zemní plyn"
2022,660520231,"TECHN","zemní plyn"
2022,660920013,"TECHN","zemní plyn"
2022,661050023,"TECHN","zemní plyn"
2022,661500023,"TECHN","zemní plyn"
2022,661680093,"TECHN","zemní plyn"
2022,661680153,"TECHN","topné oleje nízkosirné (obsah síry více než 0,1% a max. do 1 % vč.)"
2022,661680153,"TECHN","hnědé uhlí prachové"
2022,661680541,"TECHN","zemní plyn"
2022,661680551,"TECHN","zemní plyn"
2022,661688143,"TECHN","zemní plyn"
2022,662040251,"TECHN","zemní plyn"
2022,662410171,"TECHN","dřevní biomasa"
2022,662640063,"TECHN","zemní plyn"
2022,662640111,"TECHN","zemní plyn"
2022,662640451,"TECHN","zemní plyn"
2022,663060611,"TECHN","zemní plyn"
2022,663430041,"TECHN","zemní plyn"
2022,663430171,"TECHN","zemní plyn"
2022,663820861,"TECHN","zemní plyn"
2022,664190023,"TECHN","zemní plyn"
2022,664220073,"TECHN","zemní plyn"
2022,664550051,"TECHN","zemní plyn"
2022,664778101,"TECHN","biomasa odpadní"
2022,665060183,"TECHN","zemní plyn"
2022,665060193,"TECHN","zemní plyn"
2022,665060203,"TECHN","zemní plyn"
2022,665060431,"TECHN","zemní plyn"
2022,665068173,"TECHN","zemní plyn"
2022,665160643,"TECHN","zemní plyn"
2022,665340251,"TECHN","topné oleje nízkosirné (obsah síry více než 0,1% a max. do 1 % vč.)"
2022,665620043,"TECHN","zemní plyn"
2022,665750281,"TECHN","zemní plyn"
2022,665790073,"TECHN","nafta"
2022,665790111,"TECHN","dřevní biomasa"
2022,665790193,"TECHN","zemní plyn"
2022,665798171,"TECHN","zemní plyn"
2022,666038163,"TECHN","zemní plyn"
2022,667240961,"TECHN","propan, butan a jejich směsi"
2022,667348081,"TECHN","zemní plyn"
2022,667640201,"TECHN","zemní plyn"
2022,668150081,"TECHN","zemní plyn"
2022,668150393,"TECHN","zemní plyn"
2022,668158193,"TECHN","zemní plyn"
2022,668640041,"TECHN","zemní plyn"
2022,668640041,"TECHN","koks"
2022,669390073,"TECHN","zemní plyn"
2022,669390103,"TECHN","zemní plyn"
2022,669390103,"TECHN","koks"
2022,669390741,"TECHN","zemní plyn"
2022,669390821,"TECHN","zemní plyn"
2022,669398341,"TECHN","zemní plyn"
2022,669398373,"TECHN","zemní plyn"
2022,669841051,"TECHN","zemní plyn"
2022,669850731,"TECHN","zemní plyn"
2022,670120101,"TECHN","zemní plyn"
2022,670190041,"TECHN","zemní plyn"
2022,670190481,"TECHN","zemní plyn"
2022,670620023,"TECHN","topné oleje nízkosirné (obsah síry více než 0,1% a max. do 1 % vč.)"
2022,670620023,"TECHN","zemní plyn"
2022,670968053,"TECHN","zemní plyn"
2022,671050351,"TECHN","hnědé uhlí prachové"
2022,671050351,"TECHN","topné oleje nízkosirné (obsah síry více než 0,1% a max. do 1 % vč.)"
2022,671218041,"TECHN","zemní plyn"
2022,671990023,"TECHN","zemní plyn"
2022,672060013,"TECHN","dřevní biomasa"
2022,672200201,"TECHN","dřevní biomasa"
2022,672220023,"TECHN","zemní plyn"
2022,672440023,"TECHN","zemní plyn"
2022,672440063,"TECHN","zemní plyn"
2022,672710083,"TECHN","jiné pevné palivo"
2022,672710083,"TECHN","zemní plyn"
2022,672710083,"TECHN","rafinérský topný plyn, plyn ze zplyňování rafinérských zbytků"
2022,672710143,"TECHN","zemní plyn"
2022,672718141,"TECHN","zemní plyn"
2022,672860041,"TECHN","zemní plyn"
2022,673290411,"TECHN","zemní plyn"
2022,673340281,"TECHN","zemní plyn"
2022,674170043,"TECHN","bioplyn"
2022,674730541,"TECHN","zemní plyn"
2022,674770013,"TECHN","zemní plyn"
2022,674830081,"TECHN","zemní plyn"
2022,674830151,"TECHN","zemní plyn"
2022,674830253,"TECHN","zemní plyn"
2022,675260023,"TECHN","zemní plyn"
2022,675260063,"TECHN","zemní plyn"
2022,675460341,"TECHN","zemní plyn"
2022,675760711,"TECHN","zemní plyn"
2022,675840013,"TECHN","zemní plyn"
2022,677348073,"TECHN","propan, butan a jejich směsi"
2022,677348073,"TECHN","zemní plyn"
2022,677420013,"TECHN","zemní plyn"
2022,677710101,"TECHN","zemní plyn"
2022,678190051,"TECHN","zemní plyn"
2022,678430061,"TECHN","zemní plyn"
2022,678430061,"TECHN","nafta"
2022,678430113,"TECHN","zemní plyn"
2022,680000351,"TECHN","zemní plyn"
2022,680520461,"TECHN","zemní plyn"
2022,680520461,"TECHN","hnědé uhlí prachové"
2022,680620111,"TECHN","zemní plyn"
2022,680620111,"TECHN","hnědé uhlí prachové"
2022,680710241,"TECHN","zemní plyn"
2022,680770583,"TECHN","zemní plyn"
2022,681110013,"TECHN","zemní plyn"
2022,681670013,"TECHN","zemní plyn"
2022,681810033,"TECHN","nafta"
2022,681830011,"TECHN","zemní plyn"
2022,681830033,"TECHN","zemní plyn"
2022,682030121,"TECHN","zemní plyn"
2022,682030533,"TECHN","zemní plyn"
2022,682030923,"TECHN","zemní plyn"
2022,682030983,"TECHN","nafta"
2022,682031121,"TECHN","zemní plyn"
2022,682031133,"TECHN","zemní plyn"
2022,683090891,"TECHN","hnědé uhlí prachové"
2022,683090891,"TECHN","plynové oleje pro topení (obsah síry max. do 0,1 % vč.)"
2022,683120421,"TECHN","zemní plyn"
2022,683200023,"TECHN","dřevní biomasa"
2022,683820311,"TECHN","plynové oleje pro topení (obsah síry max. do 0,1 % vč.)"
2022,683820311,"TECHN","hnědé uhlí prachové"
2022,683830671,"TECHN","zemní plyn"
2022,684190013,"TECHN","bioplyn"
2022,685420083,"TECHN","nafta"
2022,685428111,"TECHN","bioplyn"
2022,685670021,"TECHN","zemní plyn"
2022,685670123,"TECHN","zemní plyn"
2022,685670163,"TECHN","zemní plyn"
2022,685670983,"TECHN","dřevní biomasa"
2022,685900081,"TECHN","koks"
2022,686278021,"TECHN","propan, butan a jejich směsi"
2022,686750371,"TECHN","koks"
2022,686750531,"TECHN","zemní plyn"
2022,687080261,"TECHN","zemní plyn"
2022,687390193,"TECHN","zemní plyn"
2022,687390231,"TECHN","zemní plyn"
2022,687390243,"TECHN","jiné pevné palivo"
2022,687390243,"TECHN","zemní plyn"
2022,687700023,"TECHN","zemní plyn"
2022,687700341,"TECHN","zemní plyn"
2022,687700711,"TECHN","zemní plyn"
2022,687708121,"TECHN","neurčeno"
2022,687708121,"TECHN","zemní plyn"
2022,688000121,"TECHN","zemní plyn"
2022,688000251,"TECHN","zemní plyn"
2022,688000251,"TECHN","plynové oleje pro topení (obsah síry max. do 0,1 % vč.)"
2022,688000251,"TECHN","hnědé uhlí prachové"
2022,688870013,"TECHN","zemní plyn"
2022,689090013,"TECHN","zemní plyn"
2022,689120101,"TECHN","zemní plyn"
2022,689820481,"TECHN","hnědé uhlí prachové"
2022,689820481,"TECHN","zemní plyn"
2022,690350013,"TECHN","zemní plyn"
2022,690870013,"TECHN","plynové oleje pro topení (obsah síry max. do 0,1 % vč.)"
2022,691870661,"TECHN","zemní plyn"
2022,692750241,"TECHN","zemní plyn"
2022,693130013,"TECHN","zemní plyn"
2022,693280051,"TECHN","zemní plyn"
2022,693450023,"TECHN","zemní plyn"
2022,694190581,"TECHN","zemní plyn"
2022,694678031,"TECHN","nafta"
2022,694970001,"TECHN","zemní plyn"
2022,695198141,"TECHN","zemní plyn"
2022,695760461,"TECHN","zemní plyn"
2022,695760611,"TECHN","zemní plyn"
2022,696290111,"TECHN","zemní plyn"
2022,696290371,"TECHN","zemní plyn"
2022,696298103,"TECHN","bioplyn"
2022,697570093,"TECHN","zemní plyn"
2022,697570801,"TECHN","zemní plyn"
2022,697620021,"TECHN","zemní plyn"
2022,697620481,"TECHN","zemní plyn"
2022,697628061,"TECHN","plynové oleje pro topení (obsah síry max. do 0,1 % vč.)"
2022,697900013,"TECHN","plynové oleje pro topení (obsah síry max. do 0,1 % vč.)"
2022,697930103,"TECHN","zemní plyn"
2022,697930421,"TECHN","zemní plyn"
2022,697938091,"TECHN","dřevní biomasa"
2022,698038021,"TECHN","zemní plyn"
2022,698068161,"TECHN","propan, butan a jejich směsi"
2022,699080071,"TECHN","zemní plyn"
2022,699230321,"TECHN","zemní plyn"
2022,699350033,"TECHN","zemní plyn"
2022,699690013,"TECHN","dřevní biomasa"
2022,699931031,"TECHN","zemní plyn"
2022,699931081,"TECHN","zemní plyn"
2022,700310291,"TECHN","zemní plyn"
2022,700310291,"TECHN","nafta"
2022,700310291,"TECHN","jiné plynné palivo"
2022,700430661,"TECHN","zemní plyn"
2022,700990033,"TECHN","bioplyn"
2022,701340231,"TECHN","zemní plyn"
2022,701740043,"TECHN","zemní plyn"
2022,703040023,"TECHN","dřevní biomasa"
2022,703550011,"TECHN","zemní plyn"
2022,703560111,"TECHN","zemní plyn"
2022,704280013,"TECHN","bioplyn"
2022,704350221,"TECHN","hnědé uhlí prachové"
2022,704350221,"TECHN","zemní plyn"
2022,704680093,"TECHN","zemní plyn"
2022,704721301,"TECHN","zemní plyn"
2022,704910111,"TECHN","bioplyn"
2022,705258041,"TECHN","zemní plyn"
2022,705658081,"TECHN","zemní plyn"
2022,706330701,"TECHN","topné oleje vysokosirné (obsah síry více než 1 %)"
2022,706440021,"TECHN","zemní plyn"
2022,706680013,"TECHN","zemní plyn"
2022,706680091,"TECHN","zemní plyn"
2022,706740301,"TECHN","topné oleje nízkosirné (obsah síry více než 0,1% a max. do 1 % vč.)"
2022,706740301,"TECHN","černé uhlí prachové"
2022,706740301,"TECHN","zemní plyn"
2022,706740301,"TECHN","jiné pevné palivo"
2022,706868121,"TECHN","zemní plyn"
2022,706868133,"TECHN","zemní plyn"
2022,706970481,"TECHN","zemní plyn"
2022,707030161,"TECHN","zemní plyn"
2022,707030651,"TECHN","zemní plyn"
2022,707038061,"TECHN","zemní plyn"
2022,707038111,"TECHN","koks"
2022,707038111,"TECHN","zemní plyn"
2022,707140013,"TECHN","zemní plyn"
2022,707148131,"TECHN","zemní plyn"
2022,707148281,"TECHN","zemní plyn"
2022,707150251,"TECHN","zemní plyn"
2022,707150431,"TECHN","zemní plyn"
2022,707150911,"TECHN","zemní plyn"
2022,707151141,"TECHN","zemní plyn"
2022,707158183,"TECHN","zemní plyn"
2022,707158193,"TECHN","zemní plyn"
2022,707211251,"TECHN","zemní plyn"
2022,707211263,"TECHN","zemní plyn"
2022,707460063,"TECHN","zemní plyn"
2022,707540023,"TECHN","zemní plyn"
2022,707540311,"TECHN","zemní plyn"
2022,707548041,"TECHN","zemní plyn"
2022,708060033,"TECHN","zemní plyn"
2022,708238111,"TECHN","zemní plyn"
2022,708450481,"TECHN","zemní plyn"
2022,708740651,"TECHN","zemní plyn"
2022,708970381,"TECHN","zemní plyn"
2022,709200821,"TECHN","hnědé uhlí prachové"
2022,709200821,"TECHN","topné oleje nízkosirné (obsah síry více než 0,1% a max. do 1 % vč.)"
2022,710100762,"TECHN","dřevní biomasa"
2022,710101092,"TECHN","propan, butan a jejich směsi"
2022,710104462,"TECHN","zemní plyn"
2022,710104572,"TECHN","černé uhlí prachové"
2022,710104582,"TECHN","zemní plyn"
2022,710105002,"TECHN","zemní plyn"
2022,710250262,"TECHN","zemní plyn"
2022,710251252,"TECHN","zemní plyn"
2022,710251292,"TECHN","zemní plyn"
2022,710370182,"TECHN","nafta"
2022,710420412,"TECHN","zemní plyn"
2022,710500022,"TECHN","zemní plyn"
2022,710500223,"TECHN","zemní plyn"
2022,710500242,"TECHN","zemní plyn"
2022,710508361,"TECHN","plynové oleje pro topení (obsah síry max. do 0,1 % vč.)"
2022,710543612,"TECHN","zemní plyn"
2022,710601012,"TECHN","zemní plyn"
2022,710702002,"TECHN","zemní plyn"
2022,710702852,"TECHN","zemní plyn"
2022,710705132,"TECHN","zemní plyn"
2022,710705762,"TECHN","zemní plyn"
2022,710711872,"TECHN","zemní plyn"
2022,710771242,"TECHN","zemní plyn"
2022,710771442,"TECHN","nafta"
2022,710771442,"TECHN","dřevní biomasa"
2022,710800252,"TECHN","zemní plyn"
2022,710800622,"TECHN","zemní plyn"
2022,710800942,"TECHN","zemní plyn"
2022,710801252,"TECHN","propan, butan a jejich směsi"
2022,710803462,"TECHN","zemní plyn"
2022,710804892,"TECHN","propan, butan a jejich směsi"
2022,710870252,"TECHN","zemní plyn"
2022,710870582,"TECHN","zemní plyn"
2022,710870592,"TECHN","zemní plyn"
2022,710870672,"TECHN","zemní plyn"
2022,710901502,"TECHN","plynové oleje pro topení (obsah síry max. do 0,1 % vč.)"
2022,710910023,"TECHN","topné oleje nízkosirné (obsah síry více než 0,1% a max. do 1 % vč.)"
2022,710911331,"TECHN","zemní plyn"
2022,710911341,"TECHN","zemní plyn"
2022,710940013,"TECHN","zemní plyn"
2022,710940361,"TECHN","zemní plyn"
2022,711000242,"TECHN","topné oleje nízkosirné (obsah síry více než 0,1% a max. do 1 % vč.)"
2022,711100422,"TECHN","zemní plyn"
2022,711100492,"TECHN","zemní plyn"
2022,711103062,"TECHN","zemní plyn"
2022,711220602,"TECHN","zemní plyn"
2022,711310202,"TECHN","zemní plyn"
2022,711318152,"TECHN","zemní plyn"
2022,711318522,"TECHN","zemní plyn"
2022,711370092,"TECHN","zemní plyn"
2022,711568031,"TECHN","zemní plyn"
2022,711570801,"TECHN","zemní plyn"
2022,711578213,"TECHN","zemní plyn"
2022,711810221,"TECHN","zemní plyn"
2022,711840041,"TECHN","zemní plyn"
2022,711870051,"TECHN","černé uhlí tříděné"
2022,711870051,"TECHN","hnědé uhlí prachové"
2022,711870051,"TECHN","koks"
2022,712940711,"TECHN","zemní plyn"
2022,713010053,"TECHN","zemní plyn"
2022,713140111,"TECHN","zemní plyn"
2022,713520403,"TECHN","zemní plyn"
2022,713520883,"TECHN","zemní plyn"
2022,713760061,"TECHN","koksárenský plyn"
2022,713830731,"TECHN","zemní plyn"
2022,714070101,"TECHN","zemní plyn"
2022,714070101,"TECHN","neurčeno"
2022,714070193,"TECHN","zemní plyn"
2022,714070751,"TECHN","zemní plyn"
2022,714070821,"TECHN","zemní plyn"
2022,714078021,"TECHN","zemní plyn"
2022,714078241,"TECHN","zemní plyn"
2022,714080991,"TECHN","zemní plyn"
2022,714220013,"TECHN","zemní plyn"
2022,714220093,"TECHN","vysokopecní plyn"
2022,714220093,"TECHN","degazační plyn"
2022,714220093,"TECHN","zemní plyn"
2022,714220093,"TECHN","koksárenský plyn"
2022,714220261,"TECHN","degazační plyn"
2022,714220261,"TECHN","koksárenský plyn"
2022,714220261,"TECHN","vysokopecní plyn"
2022,714220271,"TECHN","vysokopecní plyn"
2022,714220271,"TECHN","koksárenský plyn"
2022,714220271,"TECHN","zemní plyn"
2022,714220271,"TECHN","koks"
2022,714220281,"TECHN","koksárenský plyn"
2022,714220281,"TECHN","zemní plyn"
2022,714220291,"TECHN","zemní plyn"
2022,714220291,"TECHN","vysokopecní plyn"
2022,714220291,"TECHN","koksárenský plyn"
2022,714220291,"TECHN","degazační plyn"
2022,714220481,"TECHN","zemní plyn"
2022,714531311,"TECHN","zemní plyn"
2022,714538351,"TECHN","zemní plyn"
2022,714820143,"TECHN","zemní plyn"
2022,714820273,"TECHN","zemní plyn"
2022,714828031,"TECHN","koksárenský plyn"
2022,714828071,"TECHN","zemní plyn"
2022,714828071,"TECHN","jiné plynné palivo"
2022,714828071,"TECHN","koksárenský plyn"
2022,714828151,"TECHN","zemní plyn"
2022,714828161,"TECHN","zemní plyn"
2022,714828311,"TECHN","zemní plyn"
2022,714828311,"TECHN","topné oleje vysokosirné (obsah síry více než 1 %)"
2022,715500461,"TECHN","zemní plyn"
2022,715500461,"TECHN","topné oleje nízkosirné (obsah síry více než 0,1% a max. do 1 % vč.)"
2022,715880103,"TECHN","zemní plyn"
2022,716500013,"TECHN","propan, butan a jejich směsi"
2022,716730013,"TECHN","zemní plyn"
2022,716730203,"TECHN","zemní plyn"
2022,717090611,"TECHN","zemní plyn"
2022,717090761,"TECHN","zemní plyn"
2022,717120033,"TECHN","bioplyn"
2022,717650013,"TECHN","plynové oleje pro topení (obsah síry max. do 0,1 % vč.)"
2022,717700621,"TECHN","zemní plyn"
2022,717830051,"TECHN","zemní plyn"
2022,718030061,"TECHN","zemní plyn"
2022,718050033,"TECHN","zemní plyn"
2022,718210023,"TECHN","zemní plyn"
2022,718210271,"TECHN","bioplyn"
2022,718210271,"TECHN","jiný druh biomasy"
2022,718210271,"TECHN","zemní plyn"
2022,719798063,"TECHN","dřevní biomasa"
2022,720200402,"TECHN","zemní plyn"
2022,720200662,"TECHN","zemní plyn"
2022,720300202,"TECHN","zemní plyn"
2022,720300212,"TECHN","propan, butan a jejich směsi"
2022,720301012,"TECHN","zemní plyn"
2022,720301722,"TECHN","zemní plyn"
2022,720302672,"TECHN","zemní plyn"
2022,720302932,"TECHN","zemní plyn"
2022,720370342,"TECHN","zemní plyn"
2022,720509392,"TECHN","zemní plyn"
2022,720605112,"TECHN","zemní plyn"
2022,720690471,"TECHN","zemní plyn"
2022,720698011,"TECHN","zemní plyn"
2022,720707052,"TECHN","zemní plyn"
2022,720707872,"TECHN","zemní plyn"
2022,720718832,"TECHN","zemní plyn"
2022,720750061,"TECHN","zemní plyn"
2022,720750111,"TECHN","zemní plyn"
2022,720750741,"TECHN","zemní plyn"
2022,720770482,"TECHN","zemní plyn"
2022,720800172,"TECHN","zemní plyn"
2022,720801492,"TECHN","propan, butan a jejich směsi"
2022,720805202,"TECHN","zemní plyn"
2022,720847742,"TECHN","dřevní biomasa"
2022,720908492,"TECHN","zemní plyn"
2022,720960912,"TECHN","zemní plyn"
2022,720970102,"TECHN","zemní plyn"
2022,720970112,"TECHN","zemní plyn"
2022,721000822,"TECHN","zemní plyn"
2022,721000822,"TECHN","plynové oleje pro topení (obsah síry max. do 0,1 % vč.)"
2022,721005732,"TECHN","zemní plyn"
2022,721210321,"TECHN","zemní plyn"
2022,721210321,"TECHN","hnědé uhlí prachové"
2022,721260792,"TECHN","dřevní biomasa"
2022,721288201,"TECHN","zemní plyn"
2022,721307382,"TECHN","zemní plyn"
2022,721307612,"TECHN","zemní plyn"
2022,721307852,"TECHN","zemní plyn"
2022,721330083,"TECHN","zemní plyn"
2022,721367622,"TECHN","zemní plyn"
2022,721931211,"TECHN","zemní plyn"
2022,721980591,"TECHN","zemní plyn"
2022,721980933,"TECHN","zemní plyn"
2022,722048053,"TECHN","zemní plyn"
2022,722590121,"TECHN","zemní plyn"
2022,722680171,"TECHN","zemní plyn"
2022,722860043,"TECHN","zemní plyn"
2022,723180581,"TECHN","zemní plyn"
2022,723230121,"TECHN","zemní plyn"
2022,723490851,"TECHN","zemní plyn"
2022,723758091,"TECHN","zemní plyn"
2022,724860071,"TECHN","zemní plyn"
2022,725200023,"TECHN","zemní plyn"
2022,725260781,"TECHN","zemní plyn"
2022,725640013,"TECHN","plynové oleje pro topení (obsah síry max. do 0,1 % vč.)"
2022,725980013,"TECHN","zemní plyn"
2022,725980013,"TECHN","plynové oleje pro topení (obsah síry max. do 0,1 % vč.)"
2022,726170021,"TECHN","zemní plyn"
2022,726340061,"TECHN","zemní plyn"
2022,726530013,"TECHN","propan, butan a jejich směsi"
2022,726810031,"TECHN","zemní plyn"
2022,726968271,"TECHN","zemní plyn"
2022,727020361,"TECHN","zemní plyn"
2022,727410531,"TECHN","zemní plyn"
2022,728220523,"TECHN","zemní plyn"
2022,728611001,"TECHN","zemní plyn"
2022,728640871,"TECHN","zemní plyn"
2022,728950093,"TECHN","zemní plyn"
2022,729050023,"TECHN","nafta"
2022,729580471,"TECHN","zemní plyn"
2022,729700491,"TECHN","zemní plyn"
2022,730120333,"TECHN","zemní plyn"
2022,731940303,"TECHN","zemní plyn"
2022,732251011,"TECHN","zemní plyn"
2022,732310063,"TECHN","zemní plyn"
2022,732450461,"TECHN","zemní plyn"
2022,732511021,"TECHN","zemní plyn"
2022,732770023,"TECHN","zemní plyn"
2022,732800013,"TECHN","černé uhlí prachové"
2022,732800013,"TECHN","zemní plyn"
2022,732800013,"TECHN","odpad"
2022,732821241,"TECHN","zemní plyn"
2022,732970013,"TECHN","zemní plyn"
2022,733100271,"TECHN","plynové oleje pro topení (obsah síry max. do 0,1 % vč.)"
2022,733100271,"TECHN","hnědé uhlí prachové"
2022,733490041,"TECHN","zemní plyn"
2022,733490143,"TECHN","zemní plyn"
2022,733490301,"TECHN","koks"
2022,733490331,"TECHN","zemní plyn"
2022,733490453,"TECHN","zemní plyn"
2022,733491411,"TECHN","zemní plyn"
2022,733498031,"TECHN","zemní plyn"
2022,733498131,"TECHN","zemní plyn"
2022,733498183,"TECHN","zemní plyn"
2022,733860351,"TECHN","zemní plyn"
2022,734030471,"TECHN","zemní plyn"
2022,734710091,"TECHN","zemní plyn"
2022,734718061,"TECHN","zemní plyn"
2022,734718141,"TECHN","zemní plyn"
2022,735420093,"TECHN","dřevní biomasa"
2022,735420211,"TECHN","zemní plyn"
2022,735420211,"TECHN","koks"
2022,735420211,"TECHN","jiné pevné palivo"
2022,735420511,"TECHN","zemní plyn"
2022,735420521,"TECHN","zemní plyn"
2022,735420531,"TECHN","propan, butan a jejich směsi"
2022,735420531,"TECHN","zemní plyn"
2022,735800051,"TECHN","zemní plyn"
2022,735888131,"TECHN","dřevní biomasa"
2022,736080013,"TECHN","zemní plyn"
2022,736580013,"TECHN","bioplyn"
2022,736710023,"TECHN","zemní plyn"
2022,736710801,"TECHN","zemní plyn"
2022,738081031,"TECHN","zemní plyn"
2022,738620091,"TECHN","hnědé uhlí prachové"
2022,738620091,"TECHN","topné oleje vysokosirné (obsah síry více než 1 %)"
2022,738620091,"TECHN","černé uhlí prachové"
2022,738620091,"TECHN","odpad"
2022,738620091,"TECHN","jiné pevné palivo"
2022,738620091,"TECHN","jiný druh biomasy"
2022,738620713,"TECHN","nafta"
2022,738620713,"TECHN","zemní plyn"
2022,738950271,"TECHN","zemní plyn"
2022,739080131,"TECHN","zemní plyn"
2022,739080171,"TECHN","zemní plyn"
2022,739088011,"TECHN","zemní plyn"
2022,739280341,"TECHN","zemní plyn"
2022,739350113,"TECHN","bioplyn"
2022,740380071,"TECHN","bioplyn"
2022,740690303,"TECHN","kalový plyn"
2022,740690303,"TECHN","zemní plyn"
2022,741200013,"TECHN","zemní plyn"
2022,741640131,"TECHN","zemní plyn"
2022,741648071,"TECHN","zemní plyn"
2022,741920053,"TECHN","dřevní biomasa"
2022,743128011,"TECHN","zemní plyn"
2022,743510271,"TECHN","zemní plyn"
2022,743590013,"TECHN","zemní plyn"
2022,743591021,"TECHN","zemní plyn"
2022,743850291,"TECHN","zemní plyn"
2022,743850331,"TECHN","zemní plyn"
2022,743858041,"TECHN","zemní plyn"
2022,743858141,"TECHN","zemní plyn"
2022,744100083,"TECHN","zemní plyn"
2022,744448181,"TECHN","zemní plyn"
2022,745286201,"TECHN","zemní plyn"
2022,745890013,"TECHN","zemní plyn"
2022,746190141,"TECHN","zemní plyn"
2022,747000941,"TECHN","zemní plyn"
2022,747240023,"TECHN","zemní plyn"
2022,747240213,"TECHN","zemní plyn"
2022,747471271,"TECHN","zemní plyn"
2022,747680043,"TECHN","zemní plyn"
2022,747680043,"TECHN","koks"
2022,747840051,"TECHN","černé uhlí prachové"
2022,747840051,"TECHN","zemní plyn"
2022,747840051,"TECHN","jiné pevné palivo"
2022,747840061,"TECHN","jiný druh biomasy"
2022,747840061,"TECHN","odpad"
2022,747840061,"TECHN","zemní plyn"
2022,747840061,"TECHN","jiné pevné palivo"
2022,747840061,"TECHN","topné oleje vysokosirné (obsah síry více než 1 %)"
2022,747840061,"TECHN","černé uhlí prachové"
2022,747900013,"TECHN","zemní plyn"
2022,747990033,"TECHN","zemní plyn"
2022,748100013,"TECHN","zemní plyn"
2022,748870013,"TECHN","zemní plyn"
2022,748870281,"TECHN","koks"
2022,748870281,"TECHN","zemní plyn"
2022,748968091,"TECHN","zemní plyn"
2022,749020023,"TECHN","nafta"
2022,749360193,"TECHN","zemní plyn"
2022,749360351,"TECHN","zemní plyn"
2022,749360501,"TECHN","zemní plyn"
2022,749368081,"TECHN","zemní plyn"
2022,750490721,"TECHN","zemní plyn"
2022,750610013,"TECHN","zemní plyn"
2022,750668041,"TECHN","zemní plyn"
2022,751090043,"TECHN","zemní plyn"
2022,751570651,"TECHN","zemní plyn"
2022,751700211,"TECHN","hnědé uhlí prachové"
2022,751700211,"TECHN","zemní plyn"
2022,751700211,"TECHN","topné oleje nízkosirné (obsah síry více než 0,1% a max. do 1 % vč.)"
2022,751700751,"TECHN","zemní plyn"
2022,752220121,"TECHN","zemní plyn"
2022,752227991,"TECHN","hnědé uhlí prachové"
2022,752227991,"TECHN","plynové oleje pro topení (obsah síry max. do 0,1 % vč.)"
2022,752441221,"TECHN","zemní plyn"
2022,752460401,"TECHN","zemní plyn"
2022,752570171,"TECHN","zemní plyn"
2022,752840023,"TECHN","zemní plyn"
2022,754170731,"TECHN","zemní plyn"
2022,754170741,"TECHN","zemní plyn"
2022,754610133,"TECHN","zemní plyn"
2022,754610253,"TECHN","zemní plyn"
2022,755280013,"TECHN","zemní plyn"
2022,755310281,"TECHN","zemní plyn"
2022,755310281,"TECHN","hnědé uhlí prachové"
2022,755310281,"TECHN","topné oleje nízkosirné (obsah síry více než 0,1% a max. do 1 % vč.)"
2022,755510063,"TECHN","zemní plyn"
2022,755540503,"TECHN","zemní plyn"
2022,755910093,"TECHN","zemní plyn"
2022,755910103,"TECHN","propan, butan a jejich směsi"
2022,755910103,"TECHN","zemní plyn"
2022,755910381,"TECHN","zemní plyn"
2022,755910733,"TECHN","zemní plyn"
2022,755920141,"TECHN","zemní plyn"
2022,755920711,"TECHN","zemní plyn"
2022,756110013,"TECHN","zemní plyn"
2022,756220161,"TECHN","koks"
2022,756220161,"TECHN","zemní plyn"
2022,756390053,"TECHN","zemní plyn"
2022,756391171,"TECHN","zemní plyn"
2022,756460083,"TECHN","propan, butan a jejich směsi"
2022,756468163,"TECHN","zemní plyn"
2022,756968041,"TECHN","zemní plyn"
2022,757120023,"TECHN","bioplyn"
2022,757380023,"TECHN","zemní plyn"
2022,757388091,"TECHN","zemní plyn"
2022,757830361,"TECHN","zemní plyn"
2022,757900033,"TECHN","zemní plyn"
2022,758010023,"TECHN","propan, butan a jejich směsi"
2022,758071241,"TECHN","bioplyn"
2022,758390013,"TECHN","zemní plyn"
2022,758440161,"TECHN","zemní plyn"
2022,758448073,"TECHN","zemní plyn"
2022,758878081,"TECHN","zemní plyn"
2022,759160033,"TECHN","zemní plyn"
2022,759160511,"TECHN","zemní plyn"
2022,759590023,"TECHN","propan, butan a jejich směsi"
2022,759630231,"TECHN","plynové oleje pro topení (obsah síry max. do 0,1 % vč.)"
2022,760460013,"TECHN","zemní plyn"
2022,760510053,"TECHN","propan, butan a jejich směsi"
2022,760510053,"TECHN","zemní plyn"
2022,760518241,"TECHN","zemní plyn"
2022,760530013,"TECHN","bioplyn"
2022,760960053,"TECHN","zemní plyn"
2022,760960101,"TECHN","zemní plyn"
2022,760968031,"TECHN","topné oleje nízkosirné (obsah síry více než 0,1% a max. do 1 % vč.)"
2022,761120013,"TECHN","zemní plyn"
2022,761120033,"TECHN","zemní plyn"
2022,761560121,"TECHN","zemní plyn"
2022,761641011,"TECHN","zemní plyn"
2022,761680013,"TECHN","zemní plyn"
2022,762050033,"TECHN","zemní plyn"
2022,762500231,"TECHN","zemní plyn"
2022,762680573,"TECHN","hnědé uhlí tříděné"
2022,762790093,"TECHN","zemní plyn"
2022,762830501,"TECHN","topné oleje nízkosirné (obsah síry více než 0,1% a max. do 1 % vč.)"
2022,762830501,"TECHN","hnědé uhlí prachové"
2022,762830501,"TECHN","zemní plyn"
2022,763460211,"TECHN","zemní plyn"
2022,763460211,"TECHN","koks"
2022,763520363,"TECHN","zemní plyn"
2022,763528141,"TECHN","zemní plyn"
2022,763570023,"TECHN","zemní plyn"
2022,763690151,"TECHN","zemní plyn"
2022,763690151,"TECHN","jiné kapalné palivo"
2022,763990013,"TECHN","zemní plyn"
2022,764110023,"TECHN","jiné pevné palivo"
2022,764110023,"TECHN","koks"
2022,764110023,"TECHN","zemní plyn"
2022,764110033,"TECHN","zemní plyn"
2022,764260161,"TECHN","zemní plyn"
2022,764260321,"TECHN","zemní plyn"
2022,764700701,"TECHN","propan, butan a jejich směsi"
2022,764940831,"TECHN","propan, butan a jejich směsi"
2022,765120231,"TECHN","zemní plyn"
2022,765520301,"TECHN","zemní plyn"
2022,765520301,"TECHN","koks"
2022,765700911,"TECHN","zemní plyn"
2022,766130241,"TECHN","zemní plyn"
2022,766630013,"TECHN","zemní plyn"
2022,766850161,"TECHN","zemní plyn"
2022,767590013,"TECHN","zemní plyn"
2022,767590013,"TECHN","propan, butan a jejich směsi"
2022,767620131,"TECHN","černé uhlí tříděné"
2022,767620131,"TECHN","koks"
2022,767620131,"TECHN","lignit"
2022,767620131,"TECHN","zemní plyn"
2022,767940013,"TECHN","zemní plyn"
2022,768040291,"TECHN","plynové oleje pro topení (obsah síry max. do 0,1 % vč.)"
2022,768768151,"TECHN","propan, butan a jejich směsi"
2022,768871091,"TECHN","zemní plyn"
2022,769450251,"TECHN","koks"
2022,769640013,"TECHN","zemní plyn"
2022,769730031,"TECHN","zemní plyn"
2022,770460073,"TECHN","zemní plyn"
2022,770730391,"TECHN","zemní plyn"
2022,770890461,"TECHN","zemní plyn"
2022,770890461,"TECHN","koksárenský plyn"
2022,770890461,"TECHN","jiné plyny z ocelářského průmyslu (např. konvertorový plyn)"
2022,770890461,"TECHN","vysokopecní plyn"
2022,770890481,"TECHN","koksárenský plyn"
2022,770890481,"TECHN","zemní plyn"
2022,770890481,"TECHN","vysokopecní plyn"
2022,770890551,"TECHN","zemní plyn"
2022,770890551,"TECHN","vysokopecní plyn"
2022,770890551,"TECHN","koksárenský plyn"
2022,770890561,"TECHN","koks"
2022,770890561,"TECHN","jiné plynné palivo"
2022,770890561,"TECHN","vysokopecní plyn"
2022,770890561,"TECHN","koksárenský plyn"
2022,770890561,"TECHN","zemní plyn"
2022,770890561,"TECHN","černé uhlí prachové"
2022,770890571,"TECHN","koks"
2022,770890571,"TECHN","koksárenský plyn"
2022,770890571,"TECHN","vysokopecní plyn"
2022,770890571,"TECHN","zemní plyn"
2022,770890581,"TECHN","vysokopecní plyn"
2022,770890581,"TECHN","koksárenský plyn"
2022,770890581,"TECHN","jiné plyny z ocelářského průmyslu (např. konvertorový plyn)"
2022,770890581,"TECHN","zemní plyn"
2022,770890581,"TECHN","koks"
2022,770890591,"TECHN","zemní plyn"
2022,770890591,"TECHN","vysokopecní plyn"
2022,770890591,"TECHN","koksárenský plyn"
2022,770890591,"TECHN","jiné plyny z ocelářského průmyslu (např. konvertorový plyn)"
2022,770890611,"TECHN","zemní plyn"
2022,770890611,"TECHN","jiné plynné palivo"
2022,770890611,"TECHN","koksárenský plyn"
2022,771010023,"TECHN","zemní plyn"
2022,771310771,"TECHN","zemní plyn"
2022,771340013,"TECHN","zemní plyn"
2022,771620013,"TECHN","zemní plyn"
2022,771680023,"TECHN","zemní plyn"
2022,772120881,"TECHN","zemní plyn"
2022,772390023,"TECHN","zemní plyn"
2022,772390191,"TECHN","zemní plyn"
2022,772398111,"TECHN","zemní plyn"
2022,772420073,"TECHN","zemní plyn"
2022,772920551,"TECHN","zemní plyn"
2022,773290023,"TECHN","topné oleje nízkosirné (obsah síry více než 0,1% a max. do 1 % vč.)"
2022,773860291,"TECHN","zemní plyn"
2022,773918261,"TECHN","zemní plyn"
2022,774298201,"TECHN","propan, butan a jejich směsi"
2022,774590171,"TECHN","zemní plyn"
2022,774591481,"TECHN","zemní plyn"
2022,774770271,"TECHN","zemní plyn"
2022,774780833,"TECHN","zemní plyn"
2022,774870433,"TECHN","nafta"
2022,774870491,"TECHN","zemní plyn"
2022,774870511,"TECHN","zemní plyn"
2022,774870623,"TECHN","zemní plyn"
2022,774878221,"TECHN","zemní plyn"
2022,775050311,"TECHN","zemní plyn"
2022,775110213,"TECHN","zemní plyn"
2022,775250033,"TECHN","zemní plyn"
2022,775260033,"TECHN","zemní plyn"
2022,775270183,"TECHN","zemní plyn"
2022,776430033,"TECHN","zemní plyn"
2022,776430051,"TECHN","nekomerční kapalné zbytky z chemické výroby pro vlastní spotřebu"
2022,776430051,"TECHN","zemní plyn"
2022,776430053,"TECHN","zemní plyn"
2022,776430211,"TECHN","koks"
2022,776430371,"TECHN","zemní plyn"
2022,776430481,"TECHN","jiné plynné palivo"
2022,776430481,"TECHN","zemní plyn"
2022,776430481,"TECHN","generátorový plyn, vč. produktů zplyňování rafinérských zbytků, apod."
2022,776740013,"TECHN","plynové oleje pro topení (obsah síry max. do 0,1 % vč.)"
2022,776780033,"TECHN","zemní plyn"
2022,776780063,"TECHN","zemní plyn"
2022,776970221,"TECHN","zemní plyn"
2022,777870021,"TECHN","zemní plyn"
2022,778030013,"TECHN","koks"
2022,778030151,"TECHN","zemní plyn"
2022,778211141,"TECHN","zemní plyn"
2022,778280481,"TECHN","topné oleje nízkosirné (obsah síry více než 0,1% a max. do 1 % vč.)"
2022,778280481,"TECHN","hnědé uhlí prachové"
2022,778588091,"TECHN","zemní plyn"
2022,778660063,"TECHN","zemní plyn"
2022,778830091,"TECHN","zemní plyn"
2022,778830091,"TECHN","topné oleje nízkosirné (obsah síry více než 0,1% a max. do 1 % vč.)"
2022,778860013,"TECHN","topné oleje nízkosirné (obsah síry více než 0,1% a max. do 1 % vč.)"
2022,779090153,"TECHN","zemní plyn"
2022,779090193,"TECHN","zemní plyn"
2022,779091251,"TECHN","zemní plyn"
2022,779248083,"TECHN","zemní plyn"
2022,779680371,"TECHN","zemní plyn"
2022,779960111,"TECHN","zemní plyn"
2022,780220053,"TECHN","zemní plyn"
2022,780730033,"TECHN","zemní plyn"
2022,780800023,"TECHN","zemní plyn"
2022,781020033,"TECHN","zemní plyn"
2022,781230111,"TECHN","zemní plyn"
2022,782270201,"TECHN","zemní plyn"
2022,782270201,"TECHN","topné oleje nízkosirné (obsah síry více než 0,1% a max. do 1 % vč.)"
2022,782270201,"TECHN","hnědé uhlí prachové"
2022,782400073,"TECHN","zemní plyn"
2022,782400401,"TECHN","dřevní biomasa"
2022,782400401,"TECHN","zemní plyn"
2022,782400401,"TECHN","nafta"
2022,782400401,"TECHN","hnědé uhlí prachové"
2022,783130013,"TECHN","topné oleje nízkosirné (obsah síry více než 0,1% a max. do 1 % vč.)"
2022,783190023,"TECHN","zemní plyn"
2022,783190451,"TECHN","zemní plyn"
2022,783410013,"TECHN","propan, butan a jejich směsi"
2022,783540071,"TECHN","zemní plyn"
2022,783540661,"TECHN","zemní plyn"
2022,784280051,"TECHN","dřevní biomasa"
2022,784280113,"TECHN","zemní plyn"
2022,784280911,"TECHN","zemní plyn"
2022,785640073,"TECHN","zemní plyn"
2022,785800013,"TECHN","biomasa odpadní"
2022,785910013,"TECHN","propan, butan a jejich směsi"
2022,786050013,"TECHN","dřevní biomasa"
2022,786230111,"TECHN","bioplyn"
2022,786300113,"TECHN","zemní plyn"
2022,786608181,"TECHN","propan, butan a jejich směsi"
2022,786720063,"TECHN","zemní plyn"
2022,786760181,"TECHN","propan, butan a jejich směsi"
2022,787550013,"TECHN","plynové oleje pro topení (obsah síry max. do 0,1 % vč.)"
2022,788200121,"TECHN","zemní plyn"
2022,788220063,"TECHN","zemní plyn"
2022,788220281,"TECHN","zemní plyn"
2022,788220831,"TECHN","zemní plyn"
2022,788570211,"TECHN","zemní plyn"
2022,788570293,"TECHN","dřevní biomasa"
2022,789201171,"TECHN","zemní plyn"
2022,789420013,"TECHN","koks"
2022,789420073,"TECHN","dřevní biomasa"
2022,789740251,"TECHN","zemní plyn"
2022,790840063,"TECHN","zemní plyn"
2022,790840063,"TECHN","rafinérský topný plyn, plyn ze zplyňování rafinérských zbytků"
2022,790840391,"TECHN","jiné plynné palivo"
2022,790840431,"TECHN","zemní plyn"
2022,790840451,"TECHN","zemní plyn"
2022,790951311,"TECHN","zemní plyn"
2022,791560023,"TECHN","dřevní biomasa"
2022,792570511,"TECHN","propan, butan a jejich směsi"
2022,792680023,"TECHN","propan, butan a jejich směsi"
2022,793330023,"TECHN","zemní plyn"
2022,793418141,"TECHN","zemní plyn"
2022,794121033,"TECHN","zemní plyn"
2022,794240023,"TECHN","zemní plyn"
2022,794730491,"TECHN","zemní plyn"
2022,795230731,"TECHN","zemní plyn"
2022,795231451,"TECHN","zemní plyn"
2022,795231541,"TECHN","zemní plyn"
2022,795450051,"TECHN","zemní plyn"
2022,795640073,"TECHN","odpad"
2022,795640083,"TECHN","dřevní biomasa"
2022,795710191,"TECHN","zemní plyn"
2022,795710211,"TECHN","zemní plyn"
2022,795710421,"TECHN","zemní plyn"
2022,795711083,"TECHN","zemní plyn"
2022,795880371,"TECHN","zemní plyn"
2022,797658081,"TECHN","zemní plyn"
2022,797780311,"TECHN","hnědé uhlí prachové"
2022,810100512,"TECHN","zemní plyn"
2022,810270142,"TECHN","zemní plyn"
2022,810304932,"TECHN","zemní plyn"
2022,810311812,"TECHN","zemní plyn"
2022,810370092,"TECHN","zemní plyn"
2022,810404992,"TECHN","zemní plyn"
2022,810600132,"TECHN","zemní plyn"
2022,810654922,"TECHN","zemní plyn"
2022,810700252,"TECHN","zemní plyn"
2022,810700322,"TECHN","zemní plyn"
2022,810770102,"TECHN","zkapalněný ropný plyn"
2022,810815052,"TECHN","zemní plyn"
2022,811100842,"TECHN","zemní plyn"
2022,811170212,"TECHN","zemní plyn"
2022,811500042,"TECHN","zemní plyn"
2022,811500312,"TECHN","zemní plyn"
2022,811500472,"TECHN","zemní plyn"
2022,811600372,"TECHN","zemní plyn"
2022,811900982,"TECHN","zemní plyn"
2022,811902502,"TECHN","zemní plyn"
2022,811903272,"TECHN","zemní plyn"
2022,811906022,"TECHN","zemní plyn"
2022,811908232,"TECHN","zemní plyn"
2022,811910042,"TECHN","zemní plyn"
2022,811970022,"TECHN","zemní plyn"
2022,811971562,"TECHN","zemní plyn"
2022,811971582,"TECHN","zemní plyn"
2022,811997132,"TECHN","zemní plyn"
2022,812000042,"TECHN","zemní plyn"
2022,812103902,"TECHN","koksárenský plyn"
2022,812103902,"TECHN","vysokopecní plyn"
2022,812103902,"TECHN","zemní plyn"
2022,812170032,"TECHN","zemní plyn"
2022,812190682,"TECHN","zemní plyn"
2022,920810023,"TECHN","zemní plyn"
